App,Rating,Size,Android Ver
Photo Editor & Candy Camera & Grid & ScrapBook,4.1,19M,4.0.3 and up
Coloring book moana,3.9,14M,4.0.3 and up
"U Launcher Lite â€“ FREE Live Cool Themes, Hide Apps",4.7,8.7M,4.0.3 and up
Sketch - Draw & Paint,4.5,25M,4.2 and up
Pixel Draw - Number Art Coloring Book,4.3,2.8M,4.4 and up
Paper flowers instructions,4.4,5.6M,2.3 and up
Smoke Effect Photo Maker - Smoke Editor,3.8,19M,4.0.3 and up
Infinite Painter,4.1,29M,4.2 and up
Garden Coloring Book,4.4,33M,3.0 and up
Kids Paint Free - Drawing Fun,4.7,3.1M,4.0.3 and up
Text on Photo - Fonteee,4.4,28M,4.1 and up
Name Art Photo Editor - Focus n Filters,4.4,12M,4.0 and up
Tattoo Name On My Photo Editor,4.2,20M,4.1 and up
Mandala Coloring Book,4.6,21M,4.4 and up
3D Color Pixel by Number - Sandbox Art Coloring,4.4,37M,2.3 and up
Photo Designer - Write your name with shapes,4.7,5.5M,4.1 and up
350 Diy Room Decor Ideas,4.5,17M,2.3 and up
FlipaClip - Cartoon animation,4.3,39M,4.0.3 and up
ibis Paint X,4.6,31M,4.1 and up
Logo Maker - Small Business,4.0,14M,4.1 and up
Boys Photo Editor - Six Pack & Men's Suit,4.1,12M,4.0.3 and up
Superheroes Wallpapers | 4K Backgrounds,4.7,4.2M,4.0.3 and up
HD Mickey Minnie Wallpapers,4.7,23M,4.1 and up
Harley Quinn wallpapers HD,4.8,6.0M,3.0 and up
Colorfit - Drawing & Coloring,4.7,25M,4.0.3 and up
Animated Photo Editor,4.1,6.1M,4.0.3 and up
Pencil Sketch Drawing,3.9,4.6M,2.3 and up
Easy Realistic Drawing Tutorial,4.1,4.2M,2.3 and up
Pink Silver Bow Keyboard Theme,4.2,9.2M,4.0.3 and up
Art Drawing Ideas,4.1,5.2M,2.3 and up
Anime Manga Coloring Book,4.5,11M,4.0 and up
Easy Origami Ideas,4.2,11M,4.1 and up
I Creative Idea,4.7,4.2M,4.1 and up
How to draw Ladybug and Cat Noir,3.8,9.2M,4.1 and up
UNICORN - Color By Number & Pixel Art Coloring,4.7,24M,4.4 and up
Floor Plan Creator,4.1,Varies with device,2.3.3 and up
PIP Camera - PIP Collage Maker,4.7,11M,4.0.3 and up
How To Color Disney Princess - Coloring Pages,4.0,9.4M,4.0 and up
Drawing Clothes Fashion Ideas,4.2,15M,4.0.3 and up
Sad Poetry Photo Frames 2018,4.5,10M,4.0.3 and up
Textgram - write on photos,4.4,Varies with device,Varies with device
Paint Splash!,3.8,1.2M,4.1 and up
Popsicle Sticks and Similar DIY Craft Ideas,4.2,12M,4.1 and up
"Canva: Poster, banner, card maker & graphic design",4.7,24M,4.1 and up
Install images with music to make video without Net - 2018,4.6,26M,4.1 and up
Little Teddy Bear Colouring Book Game,4.2,8.0M,4.1 and up
How To Draw Food,4.3,7.9M,2.3 and up
Monster Truck Stunt 3D 2019,4.2,25M,4.0.3 and up
Real Tractor Farming,4.0,56M,4.1 and up
Ultimate F1 Racing Championship,3.8,57M,4.1 and up
Used Cars and Trucks for Sale,4.6,Varies with device,Varies with device
American Muscle Car Race,3.9,35M,4.1 and up
Offroad Oil Tanker Driver Transport Truck 2019,4.3,33M,4.1 and up
Tickets SDA 2018 and Exam from the State Traffic Safety Inspectorate with Drom.ru,4.9,33M,4.0 and up
Gas Prices (Germany only),4.4,5.6M,4.4 and up
Extreme Rally Championship,4.2,54M,4.1 and up
Restart Navigator,4.0,201k,2.2 and up
"REG - Check the regnumber, find information about Swedish vehicles",3.9,3.6M,4.4 and up
CityBus Lviv,4.6,5.7M,4.0.3 and up
CDL Practice Test 2018 Edition,4.9,17M,4.2 and up
"ezETC (ETC balance inquiry, meter trial, real-time traffic)",4.3,8.6M,4.1 and up
Free VIN Report for Used Cars,4.6,2.4M,4.0 and up
DMV Permit Practice Test 2018 Edition,4.9,27M,4.2 and up
Check Vehicle Tax,3.9,2.7M,4.4 and up
Used Cars Mexico,4.0,2.5M,2.3 and up
Ulysse Speedometer,4.3,Varies with device,Varies with device
REPUVE,3.9,Varies with device,Varies with device
Used cars for sale - Trovit,4.2,7.0M,4.0.3 and up
"Fines of the State Traffic Safety Inspectorate are official: inspection, payment of fines",4.8,35M,4.0.3 and up
SK Enca Direct Malls - Used Cars Search,3.6,16M,4.2 and up
"Android Auto - Maps, Media, Messaging & Voice",4.2,16M,5.0 and up
PDD-UA,4.8,Varies with device,2.3.3 and up
Tickets SDA 2019 + Exam RF,4.8,17M,4.0 and up
Super Cars Wallpapers And Backgrounds,4.6,3.4M,4.0 and up
"Police Lights, Sirens & Follow Me",4.5,8.9M,4.1 and up
Police Detector (Speed Camera Radar),4.3,3.9M,4.0 and up
Best Car Wallpapers,4.5,2.9M,4.1 and up
Tickets + PDA 2018 Exam,4.9,38M,4.1 and up
Pick Your Part Garage,3.9,32M,6.0 and up
PakWheels: Buy & Sell Cars,4.4,37M,4.2 and up
Supervision service,4.0,15M,5.0 and up
Speed Camera Detector - Traffic & Speed Alert,4.3,5.4M,4.0.3 and up
Used car search Goo net whole car Go to net,3.7,18M,4.4 and up
CarMax â€“ Cars for Sale: Search Used Car Inventory,4.4,Varies with device,Varies with device
BEST CAR SOUNDS,4.3,38M,2.3 and up
RST - Sale of cars on the PCT,3.2,1.1M,4.0.3 and up
AutoScout24 Switzerland â€“ Find your new car,4.6,Varies with device,Varies with device
Zona Azul Digital FÃ¡cil SP CET - OFFICIAL SÃ£o Paulo,4.6,Varies with device,Varies with device
SMS Park,4.5,7.9M,4.1 and up
SKencar,3.7,35M,4.0.3 and up
Fuelio: Gas log & costs,4.6,Varies with device,4.0.3 and up
auto fines,4.6,17M,4.0.3 and up
"Used car is the first car - used car purchase, used car quotation, dealer information to",4.6,19M,4.0.3 and up
All of the parking lot - National Park application (parking lot search / parking sharing / discount payment),4.0,14M,4.0 and up
Inquiry Fines and Debits of Vehicles,4.4,2.2M,4.0.3 and up
Gas Station,4.0,4.5M,4.0 and up
Hush - Beauty for Everyone,4.7,17M,5.0 and up
"ipsy: Makeup, Beauty, and Tips",4.9,14M,4.1 and up
Natural recipes for your beauty,4.7,9.8M,4.1 and up
"BestCam Selfie-selfie, beauty camera, photo editor",3.9,21M,4.0.3 and up
Mirror - Zoom & Exposure -,3.9,Varies with device,Varies with device
Beauty Selfie Camera,4.2,52M,4.1 and up
Hairstyles step by step,4.6,14M,4.0.3 and up
Filters for Selfie,4.3,25M,4.0 and up
Tie - Always be happy,4.7,9.0M,4.2 and up
Ulta Beauty,4.7,Varies with device,5.0 and up
Prom MakeUp Tutorial,4.8,12M,4.0.3 and up
Selfie Camera,4.2,Varies with device,Varies with device
Sweet Selfie Beauty Camera,4.3,35M,4.0 and up
Colors of white in Urdu,4.5,6.7M,4.0 and up
Selfie Camera Photo Editor & Filter & Sticker,4.1,30M,4.0.3 and up
Eyes Makeup Beauty Tips,4.2,2.9M,4.0.3 and up
Photo Editor 2018,4.5,17M,4.0.3 and up
Step By Step Eyes Makeup Tutorial,4.4,2.9M,4.0.3 and up
Beauty Camera - Selfie Camera,4.0,Varies with device,Varies with device
Girls Hairstyles,4.1,Varies with device,4.0 and up
Mirror Camera (Mirror + Selfie Camera),4.1,2.6M,4.0 and up
Beauty Tips - Beauty Tips in Sinhala,4.4,4.2M,4.0.3 and up
Haircut Tutorials/Haircut Videos,4.6,7.1M,4.0 and up
"Sephora: Skin Care, Beauty Makeup & Fragrance Shop",4.5,57M,5.0 and up
"Sticker Camera - Selfie Filters, Beauty Camera",3.9,22M,4.0.3 and up
Filters for B Live,4.4,24M,4.0 and up
Facial Wrinkle Reduction,4.6,21M,4.1 and up
Makeup Videos,3.8,3.4M,4.0 and up
Discover Color,4.0,6.4M,4.0.3 and up
Eyeliner step by step 2018,4.3,3.2M,4.0.3 and up
Dresses Ideas & Fashions +3000,4.5,8.2M,1.6 and up
Step By Step Hairstyles For Women,4.1,2.9M,4.0.3 and up
Rainbow Camera,3.7,23M,4.0 and up
Methods of teeth whitening,4.7,4.6M,4.0.3 and up
Girls hairstyles 2018,4.2,3.1M,4.0.3 and up
Wattpad ðŸ“– Free Books,4.6,Varies with device,Varies with device
E-Book Read - Read Book for free,4.5,4.9M,4.4 and up
Download free book with green book,4.6,9.5M,4.0 and up
Wikipedia,4.4,Varies with device,Varies with device
Amazon Kindle,4.2,Varies with device,Varies with device
Cool Reader,4.5,Varies with device,1.5 and up
Dictionary - Merriam-Webster,4.5,Varies with device,Varies with device
NOOK: Read eBooks & Magazines,4.5,Varies with device,Varies with device
Free Panda Radio Music,4.5,4.2M,4.1 and up
Book store,4.4,5.4M,4.0 and up
FBReader: Favorite Book Reader,4.5,Varies with device,Varies with device
English Grammar Complete Handbook,4.6,2.8M,4.0 and up
Free Books - Spirit Fanfiction and Stories,4.8,5.0M,4.0.3 and up
Google Play Books,3.9,Varies with device,Varies with device
AlReader -any text book reader,4.6,5.9M,2.3 and up
Offline English Dictionary,4.2,13M,4.0.3 and up
Oxford Dictionary of English : Free,4.1,7.1M,4.1 and up
Offline: English to Tagalog Dictionary,4.7,6.7M,4.0.3 and up
Spanish English Translator,4.2,Varies with device,Varies with device
FamilySearch Tree,4.3,17M,4.1 and up
Cloud of Books,3.3,19M,4.1 and up
Recipes of Prophetic Medicine for free,4.6,6.7M,2.3 and up
ReadEra â€“ free ebook reader,4.8,21M,4.1 and up
NOOK App for NOOK Devices,4.7,Varies with device,Varies with device
Ebook Reader,4.1,37M,4.0 and up
Litnet - E-books,4.6,15M,4.0 and up
Read books online,4.1,23M,4.1 and up
English to Urdu Dictionary,4.6,19M,4.0.3 and up
eBoox: book reader fb2 epub zip,4.7,23M,3.0 and up
English Persian Dictionary,4.5,73M,4.0.3 and up
Flybook,3.9,4.9M,2.1 and up
All Maths Formulas,4.4,6.8M,4.4 and up
Ancestry,4.3,Varies with device,Varies with device
HTC Help,4.2,Varies with device,7.0 and up
English translation from Bengali,4.5,2.9M,4.0 and up
Pdf Book Download - Read Pdf Book,4.4,3.5M,4.0.3 and up
Free Book Reader,3.4,4.0M,4.0.3 and up
eBoox new: Reader for fb2 epub zip books,4.9,21M,3.0 and up
"Only 30 days in English, the guideline is guaranteed",4.6,2.3M,3.0 and up
Moon+ Reader,4.4,Varies with device,Varies with device
English-Myanmar Dictionary,4.4,10M,4.0 and up
Golden Dictionary (EN-AR),4.4,6.1M,4.2 and up
All Language Translator Free,4.4,2.1M,4.0.3 and up
Azpen eReader,3.5,42M,2.2 and up
English Dictionary - Offline,4.4,30M,4.2 and up
Visual Voicemail by MetroPCS,4.1,Varies with device,Varies with device
Indeed Job Search,4.3,Varies with device,Varies with device
Uber Driver,4.4,Varies with device,Varies with device
ADP Mobile Solutions,4.3,29M,5.0 and up
Snag - Jobs Hiring Now,4.3,Varies with device,Varies with device
Docs To Goâ„¢ Free Office Suite,4.1,Varies with device,Varies with device
Google My Business,4.4,Varies with device,4.4 and up
OfficeSuite : Free Office + PDF Editor,4.3,35M,4.1 and up
USPS MOBILEÂ®,3.9,9.1M,4.0.3 and up
Job Search by ZipRecruiter,4.8,25M,5.0 and up
Curriculum vitae App CV Builder Free Resume Maker,4.5,3.9M,4.1 and up
Google Primer,4.4,18M,4.1 and up
Alba Heaven - Alvarez Job Portal Services,4.0,12M,4.0.3 and up
SuperLivePro,4.3,21M,1.5 and up
Facebook Pages Manager,4.0,Varies with device,Varies with device
OfficeSuite Pro + PDF (Trial),4.2,Varies with device,Varies with device
My Space - Employment Center,4.5,Varies with device,4.3 and up
Box,4.2,Varies with device,Varies with device
Polaris Office for LG,4.2,55M,4.1 and up
Call Blocker,4.6,3.2M,4.0 and up
Jobs in Alabama - Jobs in Alba,4.1,Varies with device,Varies with device
Square Point of Sale - POS,4.6,Varies with device,Varies with device
Plugin:AOT v5.0,3.1,23k,2.2 and up
Kariyer.net,3.9,16M,4.1 and up
SEEK Job Search,4.3,Varies with device,Varies with device
Become a Job - Find a job or advertise,4.1,14M,4.1 and up
ZOOM Cloud Meetings,4.4,37M,4.0 and up
Easy Installer - Apps On SD,4.1,Varies with device,Varies with device
Facebook Ads Manager,4.1,Varies with device,4.1 and up
"IndiaMART: Search Products, Buy, Sell & Trade",4.5,11M,4.0 and up
ViettelPost express delivery,4.4,25M,4.1 and up
MyASUS - Service Center,4.4,7.3M,4.2 and up
Job Korea - Career Jobs,4.3,6.5M,4.0 and up
"104 Looking for a job - looking for a job, looking for a job, looking for a part-time job, health checkup, resume, treatment room",4.4,25M,4.0 and up
Myanmar 2D/3D,4.6,3.1M,4.0.3 and up
Quick PDF Scanner + OCR FREE,4.2,Varies with device,4.0.3 and up
sABN,4.4,1.5M,2.2 and up
ATI Cargoes and Transportation,4.7,7.5M,4.0.3 and up
Secure Folder,3.8,8.6M,7.0 and up
UPS Mobile,3.9,Varies with device,Varies with device
SignEasy | Sign and Fill PDF and other Documents,4.3,Varies with device,Varies with device
Genius Scan - PDF Scanner,4.4,Varies with device,Varies with device
Tiny Scanner - PDF Scanner App,4.7,39M,3.0 and up
Fast Scanner : Free PDF Scan,4.5,14M,4.1 and up
Mobile Doc Scanner (MDScan) Lite,4.2,19M,4.1 and up
TurboScan: scan documents and receipts in PDF,4.7,6.8M,4.0 and up
Tiny Scanner Pro: PDF Doc Scan,4.8,39M,3.0 and up
Zenefits,4.2,14M,4.1 and up
Google Ads,4.3,20M,4.0.3 and up
Slack,4.4,Varies with device,Varies with device
FreshBooks Classic,4.1,26M,4.2 and up
Insightly CRM,3.8,51M,5.0 and up
QuickBooks Accounting: Invoicing & Expenses,4.3,41M,4.1 and up
HipChat - Chat Built for Teams,3.8,20M,4.1 and up
Xero Accounting Software,3.5,Varies with device,Varies with device
"MailChimp - Email, Marketing Automation",4.1,12M,5.0 and up
Crew - Free Messaging and Scheduling,4.6,48M,4.0.3 and up
Asana: organize team projects,4.3,10M,5.0 and up
Google Analytics,4.5,22M,4.4 and up
AdWords Express,4.1,11M,4.0 and up
Accounting App - Zoho Books,4.5,8.5M,4.1 and up
Invoice & Time Tracking - Zoho,4.6,8.6M,4.1 and up
join.me - Simple Meetings,4.0,Varies with device,4.4 and up
Invoice 2go â€” Professional Invoices and Estimates,4.2,28M,4.1 and up
Cisco Webex Meetings,4.4,28M,4.3 and up
ScreenMeet. Easy Phone Meeting,4.0,9.0M,5.0 and up
Cisco Webex Teams,4.2,46M,4.4 and up
Microsoft Remote Desktop,4.2,Varies with device,Varies with device
Start Meeting,4.1,14M,4.0.3 and up
ClickMeeting Webinars,3.8,26M,4.0 and up
BlueJeans for Android,3.9,23M,5.0 and up
Skype for Business for Android,3.9,Varies with device,Varies with device
Verify - Receipts & Expenses,4.5,29M,5.0 and up
LINE WEBTOON - Free Comics,4.5,Varies with device,Varies with device
Manga Master - Best manga & comic reader,4.6,4.9M,4.1 and up
GANMA! - All original stories free of charge for all original comics,4.7,27M,4.1 and up
RÃ¶hrich Werner Soundboard,4.7,32M,4.0.3 and up
Unicorn Pokez - Color By Number,4.8,12M,4.4 and up
MangaToon - Comics updated Daily,3.9,15M,4.1 and up
Manga Net â€“ Best Online Manga Reader,4.1,11M,4.1 and up
Manga Rock - Best Manga Reader,4.4,28M,5.0 and up
Manga - read Thai translation,4.6,2.2M,4.0 and up
The Vietnam Story - Fun Stories,4.5,3.4M,2.3 and up
Dragon Ball Wallpaper - Ringtones,4.7,8.3M,4.0.3 and up
Funny Jokes Photos,4.4,4.3M,4.2 and up
Truyá»‡n Vui TÃ½ Quáº­y,4.5,4.7M,4.0.3 and up
Comic Es - Shojo manga / love comics free of charge â™ª â™ª,3.9,10M,4.0.3 and up
comico Popular Original Cartoon Updated Everyday Comico,3.2,15M,4.0.3 and up
